{
    "$schema": "https://schema.management.azure.com/schemas/2015-01-01/deploymentTemplate.json#",
    "contentVersion": "1.0.0.0",
    "parameters": {
        "workspaces_COVID19Forecasting_value": {
            "type": "SecureString"
        },
        "workspaces_COVID19Forecasting_value_1": {
            "type": "SecureString"
        },
        "workspaces_COVID19Forecasting_value_2": {
            "type": "SecureString"
        },
        "workspaces_COVID19Forecasting_value_3": {
            "type": "SecureString"
        },
        "workspaces_COVID19Forecasting_value_4": {
            "type": "SecureString"
        },
        "workspaces_COVID19Forecasting_value_5": {
            "type": "SecureString"
        },
        "servers_covidsql19_name": {
            "defaultValue": "covidsql19",
            "type": "String"
        },
        "sites_COVID19Forecasting_name": {
            "defaultValue": "COVID19Forecasting",
            "type": "String"
        },
        "components_COVID19Forecasting_name": {
            "defaultValue": "COVID19Forecasting",
            "type": "String"
        },
        "workspaces_COVID19Forecasting_name": {
            "defaultValue": "COVID19Forecasting",
            "type": "String"
        },
        "storageAccounts_sqlvadid7d7nwshmb6_name": {
            "defaultValue": "sqlvadid7d7nwshmb6",
            "type": "String"
        },
        "serverfarms_ASP_COVID19Calculator_9f4f_name": {
            "defaultValue": "ASP-COVID19Calculator-9f4f",
            "type": "String"
        },
        "storageAccounts_storageaccountcovid8276_name": {
            "defaultValue": "storageaccountcovid8276",
            "type": "String"
        },
        "smartdetectoralertrules_failure_anomalies___covid19forecast_name": {
            "defaultValue": "failure anomalies - covid19forecast",
            "type": "String"
        },
        "smartdetectoralertrules_failure_anomalies___covid19forecasting_name": {
            "defaultValue": "failure anomalies - covid19forecasting",
            "type": "String"
        },
        "components_covid19forecast_externalid": {
            "defaultValue": "/subscriptions/20e228e4-63c7-480a-a860-4b61e9623727/resourceGroups/covid19calculator/providers/microsoft.insights/components/covid19forecast",
            "type": "String"
        },
        "actiongroups_application_insights_smart_detection_externalid": {
            "defaultValue": "/subscriptions/20e228e4-63c7-480a-a860-4b61e9623727/resourceGroups/edumdw-lab/providers/microsoft.insights/actiongroups/application insights smart detection",
            "type": "String"
        }
    },
    "variables": {},
    "resources": [
        {
            "type": "microsoft.alertsmanagement/smartdetectoralertrules",
            "apiVersion": "2019-06-01",
            "name": "[parameters('smartdetectoralertrules_failure_anomalies___covid19forecast_name')]",
            "location": "global",
            "properties": {
                "description": "Failure Anomalies notifies you of an unusual rise in the rate of failed HTTP requests or dependency calls.",
                "state": "Enabled",
                "severity": "Sev3",
                "frequency": "PT1M",
                "detector": {
                    "id": "FailureAnomaliesDetector",
                    "name": "Failure Anomalies",
                    "description": "Detects if your application experiences an abnormal rise in the rate of HTTP requests or dependency calls that are reported as failed. The anomaly detection uses machine learning algorithms and occurs in near real time, therefore there's no need to define a frequency for this signal.<br/></br/>To help you triage and diagnose the problem, an analysis of the characteristics of the failures and related telemetry is provided with the detection. This feature works for any app, hosted in the cloud or on your own servers, that generates request or dependency telemetry - for example, if you have a worker role that calls <a class=\"ext-smartDetecor-link\" href=\\\"https://docs.microsoft.com/azure/application-insights/app-insights-api-custom-events-metrics#trackrequest\\\" target=\\\"_blank\\\">TrackRequest()</a> or <a class=\"ext-smartDetecor-link\" href=\\\"https://docs.microsoft.com/azure/application-insights/app-insights-api-custom-events-metrics#trackdependency\\\" target=\\\"_blank\\\">TrackDependency()</a>.<br/><br/><a class=\"ext-smartDetecor-link\" href=\\\"https://docs.microsoft.com/azure/azure-monitor/app/proactive-failure-diagnostics\\\" target=\\\"_blank\\\">Learn more about Failure Anomalies</a>",
                    "supportedResourceTypes": [
                        "ApplicationInsights"
                    ]
                },
                "scope": [
                    "[parameters('components_covid19forecast_externalid')]"
                ],
                "actionGroups": {
                    "groupIds": [
                        "[parameters('actiongroups_application_insights_smart_detection_externalid')]"
                    ]
                }
            }
        },
        {
            "type": "Microsoft.Databricks/workspaces",
            "apiVersion": "2018-04-01",
            "name": "[parameters('workspaces_COVID19Forecasting_name')]",
            "location": "eastus2",
            "sku": {
                "name": "premium"
            },
            "properties": {
                "managedResourceGroupId": "[concat('/subscriptions/20e228e4-63c7-480a-a860-4b61e9623727/resourceGroups/databricks-rg-', parameters('workspaces_COVID19Forecasting_name'), '-gc75552yr2wge')]",
                "parameters": {
                    "amlWorkspaceId": {
                        "type": "String",
                        "value": "[parameters('workspaces_COVID19Forecasting_value')]"
                    },
                    "customPrivateSubnetName": {
                        "type": "String",
                        "value": "[parameters('workspaces_COVID19Forecasting_value_1')]"
                    },
                    "customPublicSubnetName": {
                        "type": "String",
                        "value": "[parameters('workspaces_COVID19Forecasting_value_2')]"
                    },
                    "customVirtualNetworkId": {
                        "type": "String",
                        "value": "[parameters('workspaces_COVID19Forecasting_value_3')]"
                    },
                    "enableNoPublicIp": {
                        "type": "Bool",
                        "value": false
                    },
                    "loadBalancerBackendPoolName": {
                        "type": "String",
                        "value": "[parameters('workspaces_COVID19Forecasting_value_4')]"
                    },
                    "loadBalancerId": {
                        "type": "String",
                        "value": "[parameters('workspaces_COVID19Forecasting_value_5')]"
                    },
                    "relayNamespaceName": {
                        "type": "String",
                        "value": "dbrelayrwj6xz7752p3u"
                    },
                    "resourceTags": {
                        "type": "Object",
                        "value": {}
                    },
                    "storageAccountName": {
                        "type": "String",
                        "value": "dbstoragerwj6xz7752p3u"
                    },
                    "storageAccountSkuName": {
                        "type": "String",
                        "value": "Standard_GRS"
                    },
                    "vnetAddressPrefix": {
                        "type": "String",
                        "value": "10.139"
                    }
                },
                "authorizations": [
                    {
                        "principalId": "9a74af6f-d153-4348-988a-e2672920bee9",
                        "roleDefinitionId": "8e3af657-a8ff-443c-a75c-2fe8c4bcb635"
                    }
                ]
            }
        },
        {
            "type": "microsoft.insights/components",
            "apiVersion": "2015-05-01",
            "name": "[parameters('components_COVID19Forecasting_name')]",
            "location": "eastus2",
            "tags": {
                "hidden-link:/subscriptions/20e228e4-63c7-480a-a860-4b61e9623727/resourceGroups/COVID19Calculator/providers/Microsoft.Web/sites/COVID19Forecast": "Resource",
                "hidden-link:/subscriptions/20e228e4-63c7-480a-a860-4b61e9623727/resourceGroups/COVID19FrontEnd/providers/Microsoft.Web/sites/CovId19PEEForecasting": "Resource"
            },
            "kind": "web",
            "properties": {
                "Application_Type": "web",
                "Request_Source": "IbizaWebAppExtensionCreate"
            }
        },
        {
            "type": "Microsoft.Sql/servers",
            "apiVersion": "2019-06-01-preview",
            "name": "[parameters('servers_covidsql19_name')]",
            "location": "eastus2",
            "kind": "v12.0",
            "properties": {
                "administratorLogin": "mainuser",
                "version": "12.0",
                "publicNetworkAccess": "Enabled"
            }
        },
        {
            "type": "Microsoft.Storage/storageAccounts",
            "apiVersion": "2019-06-01",
            "name": "[parameters('storageAccounts_sqlvadid7d7nwshmb6_name')]",
            "location": "eastus2",
            "sku": {
                "name": "Standard_LRS",
                "tier": "Standard"
            },
            "kind": "StorageV2",
            "properties": {
                "networkAcls": {
                    "bypass": "AzureServices",
                    "virtualNetworkRules": [],
                    "ipRules": [],
                    "defaultAction": "Allow"
                },
                "supportsHttpsTrafficOnly": true,
                "encryption": {
                    "services": {
                        "file": {
                            "keyType": "Account",
                            "enabled": true
                        },
                        "blob": {
                            "keyType": "Account",
                            "enabled": true
                        }
                    },
                    "keySource": "Microsoft.Storage"
                },
                "accessTier": "Hot"
            }
        },
        {
            "type": "Microsoft.Storage/storageAccounts",
            "apiVersion": "2019-06-01",
            "name": "[parameters('storageAccounts_storageaccountcovid8276_name')]",
            "location": "eastus2",
            "sku": {
                "name": "Standard_LRS",
                "tier": "Standard"
            },
            "kind": "Storage",
            "properties": {
                "networkAcls": {
                    "bypass": "AzureServices",
                    "virtualNetworkRules": [],
                    "ipRules": [],
                    "defaultAction": "Allow"
                },
                "supportsHttpsTrafficOnly": true,
                "encryption": {
                    "services": {
                        "file": {
                            "keyType": "Account",
                            "enabled": true
                        },
                        "blob": {
                            "keyType": "Account",
                            "enabled": true
                        }
                    },
                    "keySource": "Microsoft.Storage"
                }
            }
        },
        {
            "type": "Microsoft.Web/serverfarms",
            "apiVersion": "2018-02-01",
            "name": "[parameters('serverfarms_ASP_COVID19Calculator_9f4f_name')]",
            "location": "East US 2",
            "sku": {
                "name": "Y1",
                "tier": "Dynamic",
                "size": "Y1",
                "family": "Y",
                "capacity": 0
            },
            "kind": "functionapp",
            "properties": {
                "perSiteScaling": false,
                "maximumElasticWorkerCount": 1,
                "isSpot": false,
                "reserved": true,
                "isXenon": false,
                "hyperV": false,
                "targetWorkerCount": 0,
                "targetWorkerSizeId": 0
            }
        },
        {
            "type": "microsoft.alertsmanagement/smartdetectoralertrules",
            "apiVersion": "2019-06-01",
            "name": "[parameters('smartdetectoralertrules_failure_anomalies___covid19forecasting_name')]",
            "location": "global",
            "dependsOn": [
                "[resourceId('microsoft.insights/components', parameters('components_COVID19Forecasting_name'))]"
            ],
            "properties": {
                "description": "Failure Anomalies notifies you of an unusual rise in the rate of failed HTTP requests or dependency calls.",
                "state": "Enabled",
                "severity": "Sev3",
                "frequency": "PT1M",
                "detector": {
                    "id": "FailureAnomaliesDetector",
                    "name": "Failure Anomalies",
                    "description": "Detects if your application experiences an abnormal rise in the rate of HTTP requests or dependency calls that are reported as failed. The anomaly detection uses machine learning algorithms and occurs in near real time, therefore there's no need to define a frequency for this signal.<br/></br/>To help you triage and diagnose the problem, an analysis of the characteristics of the failures and related telemetry is provided with the detection. This feature works for any app, hosted in the cloud or on your own servers, that generates request or dependency telemetry - for example, if you have a worker role that calls <a class=\"ext-smartDetecor-link\" href=\\\"https://docs.microsoft.com/azure/application-insights/app-insights-api-custom-events-metrics#trackrequest\\\" target=\\\"_blank\\\">TrackRequest()</a> or <a class=\"ext-smartDetecor-link\" href=\\\"https://docs.microsoft.com/azure/application-insights/app-insights-api-custom-events-metrics#trackdependency\\\" target=\\\"_blank\\\">TrackDependency()</a>.<br/><br/><a class=\"ext-smartDetecor-link\" href=\\\"https://docs.microsoft.com/azure/azure-monitor/app/proactive-failure-diagnostics\\\" target=\\\"_blank\\\">Learn more about Failure Anomalies</a>",
                    "supportedResourceTypes": [
                        "ApplicationInsights"
                    ]
                },
                "scope": [
                    "[resourceId('microsoft.insights/components', parameters('components_COVID19Forecasting_name'))]"
                ],
                "actionGroups": {
                    "groupIds": [
                        "[parameters('actiongroups_application_insights_smart_detection_externalid')]"
                    ]
                }
            }
        },
        {
            "type": "Microsoft.Sql/servers/advisors",
            "apiVersion": "2014-04-01",
            "name": "[concat(parameters('servers_covidsql19_name'), '/CreateIndex')]",
            "dependsOn": [
                "[resourceId('Microsoft.Sql/servers', parameters('servers_covidsql19_name'))]"
            ],
            "properties": {
                "autoExecuteValue": "Disabled"
            }
        },
        {
            "type": "Microsoft.Sql/servers/advisors",
            "apiVersion": "2014-04-01",
            "name": "[concat(parameters('servers_covidsql19_name'), '/DbParameterization')]",
            "dependsOn": [
                "[resourceId('Microsoft.Sql/servers', parameters('servers_covidsql19_name'))]"
            ],
            "properties": {
                "autoExecuteValue": "Disabled"
            }
        },
        {
            "type": "Microsoft.Sql/servers/advisors",
            "apiVersion": "2014-04-01",
            "name": "[concat(parameters('servers_covidsql19_name'), '/DefragmentIndex')]",
            "dependsOn": [
                "[resourceId('Microsoft.Sql/servers', parameters('servers_covidsql19_name'))]"
            ],
            "properties": {
                "autoExecuteValue": "Disabled"
            }
        },
        {
            "type": "Microsoft.Sql/servers/advisors",
            "apiVersion": "2014-04-01",
            "name": "[concat(parameters('servers_covidsql19_name'), '/DropIndex')]",
            "dependsOn": [
                "[resourceId('Microsoft.Sql/servers', parameters('servers_covidsql19_name'))]"
            ],
            "properties": {
                "autoExecuteValue": "Disabled"
            }
        },
        {
            "type": "Microsoft.Sql/servers/advisors",
            "apiVersion": "2014-04-01",
            "name": "[concat(parameters('servers_covidsql19_name'), '/ForceLastGoodPlan')]",
            "dependsOn": [
                "[resourceId('Microsoft.Sql/servers', parameters('servers_covidsql19_name'))]"
            ],
            "properties": {
                "autoExecuteValue": "Enabled"
            }
        },
        {
            "type": "Microsoft.Sql/servers/auditingPolicies",
            "apiVersion": "2014-04-01",
            "name": "[concat(parameters('servers_covidsql19_name'), '/Default')]",
            "location": "East US 2",
            "dependsOn": [
                "[resourceId('Microsoft.Sql/servers', parameters('servers_covidsql19_name'))]"
            ],
            "properties": {
                "auditingState": "Disabled"
            }
        },
        {
            "type": "Microsoft.Sql/servers/auditingSettings",
            "apiVersion": "2017-03-01-preview",
            "name": "[concat(parameters('servers_covidsql19_name'), '/Default')]",
            "dependsOn": [
                "[resourceId('Microsoft.Sql/servers', parameters('servers_covidsql19_name'))]"
            ],
            "properties": {
                "state": "Disabled",
                "retentionDays": 0,
                "auditActionsAndGroups": [],
                "storageAccountSubscriptionId": "00000000-0000-0000-0000-000000000000",
                "isStorageSecondaryKeyInUse": false,
                "isAzureMonitorTargetEnabled": false
            }
        },
        {
            "type": "Microsoft.Sql/servers/databases",
            "apiVersion": "2019-06-01-preview",
            "name": "[concat(parameters('servers_covidsql19_name'), '/COVID19Forecasts')]",
            "location": "eastus2",
            "dependsOn": [
                "[resourceId('Microsoft.Sql/servers', parameters('servers_covidsql19_name'))]"
            ],
            "sku": {
                "name": "GP_S_Gen5",
                "tier": "GeneralPurpose",
                "family": "Gen5",
                "capacity": 16
            },
            "kind": "v12.0,user,vcore,serverless",
            "properties": {
                "collation": "SQL_Latin1_General_CP1_CI_AS",
                "maxSizeBytes": 34359738368,
                "catalogCollation": "SQL_Latin1_General_CP1_CI_AS",
                "zoneRedundant": false,
                "readScale": "Disabled",
                "readReplicaCount": 0,
                "autoPauseDelay": 180,
                "storageAccountType": "GRS",
                "minCapacity": 5
            }
        },
        {
            "type": "Microsoft.Sql/servers/databases/auditingPolicies",
            "apiVersion": "2014-04-01",
            "name": "[concat(parameters('servers_covidsql19_name'), '/master/Default')]",
            "location": "East US 2",
            "dependsOn": [
                "[resourceId('Microsoft.Sql/servers', parameters('servers_covidsql19_name'))]"
            ],
            "properties": {
                "auditingState": "Disabled"
            }
        },
        {
            "type": "Microsoft.Sql/servers/databases/auditingSettings",
            "apiVersion": "2017-03-01-preview",
            "name": "[concat(parameters('servers_covidsql19_name'), '/master/Default')]",
            "dependsOn": [
                "[resourceId('Microsoft.Sql/servers', parameters('servers_covidsql19_name'))]"
            ],
            "properties": {
                "state": "Disabled",
                "retentionDays": 0,
                "storageAccountSubscriptionId": "00000000-0000-0000-0000-000000000000",
                "isStorageSecondaryKeyInUse": false,
                "isAzureMonitorTargetEnabled": false
            }
        },
        {
            "type": "Microsoft.Sql/servers/databases/extendedAuditingSettings",
            "apiVersion": "2017-03-01-preview",
            "name": "[concat(parameters('servers_covidsql19_name'), '/master/Default')]",
            "dependsOn": [
                "[resourceId('Microsoft.Sql/servers', parameters('servers_covidsql19_name'))]"
            ],
            "properties": {
                "state": "Disabled",
                "retentionDays": 0,
                "storageAccountSubscriptionId": "00000000-0000-0000-0000-000000000000",
                "isStorageSecondaryKeyInUse": false,
                "isAzureMonitorTargetEnabled": false
            }
        },
        {
            "type": "Microsoft.Sql/servers/databases/geoBackupPolicies",
            "apiVersion": "2014-04-01",
            "name": "[concat(parameters('servers_covidsql19_name'), '/master/Default')]",
            "location": "East US 2",
            "dependsOn": [
                "[resourceId('Microsoft.Sql/servers', parameters('servers_covidsql19_name'))]"
            ],
            "properties": {
                "state": "Enabled"
            }
        },
        {
            "type": "Microsoft.Sql/servers/databases/securityAlertPolicies",
            "apiVersion": "2018-06-01-preview",
            "name": "[concat(parameters('servers_covidsql19_name'), '/master/Default')]",
            "dependsOn": [
                "[resourceId('Microsoft.Sql/servers', parameters('servers_covidsql19_name'))]"
            ],
            "properties": {
                "state": "Disabled",
                "disabledAlerts": [
                    ""
                ],
                "emailAddresses": [
                    ""
                ],
                "emailAccountAdmins": false,
                "retentionDays": 0
            }
        },
        {
            "type": "Microsoft.Sql/servers/databases/transparentDataEncryption",
            "apiVersion": "2014-04-01",
            "name": "[concat(parameters('servers_covidsql19_name'), '/master/current')]",
            "location": "East US 2",
            "dependsOn": [
                "[resourceId('Microsoft.Sql/servers', parameters('servers_covidsql19_name'))]"
            ],
            "properties": {
                "status": "Disabled"
            }
        },
        {
            "type": "Microsoft.Sql/servers/databases/vulnerabilityAssessments",
            "apiVersion": "2017-03-01-preview",
            "name": "[concat(parameters('servers_covidsql19_name'), '/master/Default')]",
            "dependsOn": [
                "[resourceId('Microsoft.Sql/servers', parameters('servers_covidsql19_name'))]"
            ],
            "properties": {
                "recurringScans": {
                    "isEnabled": false,
                    "emailSubscriptionAdmins": true
                }
            }
        },
        {
            "type": "Microsoft.Sql/servers/encryptionProtector",
            "apiVersion": "2015-05-01-preview",
            "name": "[concat(parameters('servers_covidsql19_name'), '/current')]",
            "dependsOn": [
                "[resourceId('Microsoft.Sql/servers', parameters('servers_covidsql19_name'))]"
            ],
            "kind": "servicemanaged",
            "properties": {
                "serverKeyName": "ServiceManaged",
                "serverKeyType": "ServiceManaged"
            }
        },
        {
            "type": "Microsoft.Sql/servers/extendedAuditingSettings",
            "apiVersion": "2017-03-01-preview",
            "name": "[concat(parameters('servers_covidsql19_name'), '/Default')]",
            "dependsOn": [
                "[resourceId('Microsoft.Sql/servers', parameters('servers_covidsql19_name'))]"
            ],
            "properties": {
                "state": "Disabled",
                "retentionDays": 0,
                "auditActionsAndGroups": [],
                "storageAccountSubscriptionId": "00000000-0000-0000-0000-000000000000",
                "isStorageSecondaryKeyInUse": false,
                "isAzureMonitorTargetEnabled": false
            }
        },
        {
            "type": "Microsoft.Sql/servers/firewallRules",
            "apiVersion": "2015-05-01-preview",
            "name": "[concat(parameters('servers_covidsql19_name'), '/AllowAllWindowsAzureIps')]",
            "dependsOn": [
                "[resourceId('Microsoft.Sql/servers', parameters('servers_covidsql19_name'))]"
            ],
            "properties": {
                "startIpAddress": "0.0.0.0",
                "endIpAddress": "0.0.0.0"
            }
        },
        {
            "type": "Microsoft.Sql/servers/firewallRules",
            "apiVersion": "2015-05-01-preview",
            "name": "[concat(parameters('servers_covidsql19_name'), '/ClientIPAddress_2020-04-13_10:28:29')]",
            "dependsOn": [
                "[resourceId('Microsoft.Sql/servers', parameters('servers_covidsql19_name'))]"
            ],
            "properties": {
                "startIpAddress": "167.220.149.141",
                "endIpAddress": "167.220.149.141"
            }
        },
        {
            "type": "Microsoft.Sql/servers/firewallRules",
            "apiVersion": "2015-05-01-preview",
            "name": "[concat(parameters('servers_covidsql19_name'), '/ClientIPAddress_2020-4-13_15-53-46')]",
            "dependsOn": [
                "[resourceId('Microsoft.Sql/servers', parameters('servers_covidsql19_name'))]"
            ],
            "properties": {
                "startIpAddress": "73.215.117.45",
                "endIpAddress": "73.215.117.45"
            }
        },
        {
            "type": "Microsoft.Sql/servers/firewallRules",
            "apiVersion": "2015-05-01-preview",
            "name": "[concat(parameters('servers_covidsql19_name'), '/internal ip')]",
            "dependsOn": [
                "[resourceId('Microsoft.Sql/servers', parameters('servers_covidsql19_name'))]"
            ],
            "properties": {
                "startIpAddress": "73.215.117.45",
                "endIpAddress": "73.215.117.45"
            }
        },
        {
            "type": "Microsoft.Sql/servers/keys",
            "apiVersion": "2015-05-01-preview",
            "name": "[concat(parameters('servers_covidsql19_name'), '/ServiceManaged')]",
            "dependsOn": [
                "[resourceId('Microsoft.Sql/servers', parameters('servers_covidsql19_name'))]"
            ],
            "kind": "servicemanaged",
            "properties": {
                "serverKeyType": "ServiceManaged"
            }
        },
        {
            "type": "Microsoft.Sql/servers/securityAlertPolicies",
            "apiVersion": "2017-03-01-preview",
            "name": "[concat(parameters('servers_covidsql19_name'), '/Default')]",
            "dependsOn": [
                "[resourceId('Microsoft.Sql/servers', parameters('servers_covidsql19_name'))]"
            ],
            "properties": {
                "state": "Enabled",
                "disabledAlerts": [
                    ""
                ],
                "emailAddresses": [
                    ""
                ],
                "emailAccountAdmins": true,
                "retentionDays": 0
            }
        },
        {
            "type": "Microsoft.Storage/storageAccounts/blobServices",
            "apiVersion": "2019-06-01",
            "name": "[concat(parameters('storageAccounts_sqlvadid7d7nwshmb6_name'), '/default')]",
            "dependsOn": [
                "[resourceId('Microsoft.Storage/storageAccounts', parameters('storageAccounts_sqlvadid7d7nwshmb6_name'))]"
            ],
            "sku": {
                "name": "Standard_LRS",
                "tier": "Standard"
            },
            "properties": {
                "cors": {
                    "corsRules": []
                },
                "deleteRetentionPolicy": {
                    "enabled": false
                }
            }
        },
        {
            "type": "Microsoft.Storage/storageAccounts/blobServices",
            "apiVersion": "2019-06-01",
            "name": "[concat(parameters('storageAccounts_storageaccountcovid8276_name'), '/default')]",
            "dependsOn": [
                "[resourceId('Microsoft.Storage/storageAccounts', parameters('storageAccounts_storageaccountcovid8276_name'))]"
            ],
            "sku": {
                "name": "Standard_LRS",
                "tier": "Standard"
            },
            "properties": {
                "cors": {
                    "corsRules": []
                },
                "deleteRetentionPolicy": {
                    "enabled": false
                }
            }
        },
        {
            "type": "Microsoft.Storage/storageAccounts/fileServices",
            "apiVersion": "2019-06-01",
            "name": "[concat(parameters('storageAccounts_sqlvadid7d7nwshmb6_name'), '/default')]",
            "dependsOn": [
                "[resourceId('Microsoft.Storage/storageAccounts', parameters('storageAccounts_sqlvadid7d7nwshmb6_name'))]"
            ],
            "sku": {
                "name": "Standard_LRS",
                "tier": "Standard"
            },
            "properties": {
                "cors": {
                    "corsRules": []
                }
            }
        },
        {
            "type": "Microsoft.Storage/storageAccounts/fileServices",
            "apiVersion": "2019-06-01",
            "name": "[concat(parameters('storageAccounts_storageaccountcovid8276_name'), '/default')]",
            "dependsOn": [
                "[resourceId('Microsoft.Storage/storageAccounts', parameters('storageAccounts_storageaccountcovid8276_name'))]"
            ],
            "sku": {
                "name": "Standard_LRS",
                "tier": "Standard"
            },
            "properties": {
                "cors": {
                    "corsRules": []
                }
            }
        },
        {
            "type": "Microsoft.Web/sites",
            "apiVersion": "2018-11-01",
            "name": "[parameters('sites_COVID19Forecasting_name')]",
            "location": "East US 2",
            "dependsOn": [
                "[resourceId('Microsoft.Web/serverfarms', parameters('serverfarms_ASP_COVID19Calculator_9f4f_name'))]"
            ],
            "kind": "functionapp,linux",
            "properties": {
                "enabled": true,
                "hostNameSslStates": [
                    {
                        "name": "covid19forecasting.azurewebsites.net",
                        "sslState": "Disabled",
                        "hostType": "Standard"
                    },
                    {
                        "name": "covid19forecasting.scm.azurewebsites.net",
                        "sslState": "Disabled",
                        "hostType": "Repository"
                    }
                ],
                "serverFarmId": "[resourceId('Microsoft.Web/serverfarms', parameters('serverfarms_ASP_COVID19Calculator_9f4f_name'))]",
                "reserved": true,
                "isXenon": false,
                "hyperV": false,
                "scmSiteAlsoStopped": false,
                "clientAffinityEnabled": false,
                "clientCertEnabled": false,
                "hostNamesDisabled": false,
                "containerSize": 1536,
                "dailyMemoryTimeQuota": 0,
                "httpsOnly": false,
                "redundancyMode": "None"
            }
        },
        {
            "type": "Microsoft.Web/sites/config",
            "apiVersion": "2018-11-01",
            "name": "[concat(parameters('sites_COVID19Forecasting_name'), '/web')]",
            "location": "East US 2",
            "dependsOn": [
                "[resourceId('Microsoft.Web/sites', parameters('sites_COVID19Forecasting_name'))]"
            ],
            "properties": {
                "numberOfWorkers": -1,
                "defaultDocuments": [
                    "Default.htm",
                    "Default.html",
                    "Default.asp",
                    "index.htm",
                    "index.html",
                    "iisstart.htm",
                    "default.aspx",
                    "index.php"
                ],
                "netFrameworkVersion": "v4.0",
                "linuxFxVersion": "Python|3.7",
                "requestTracingEnabled": false,
                "remoteDebuggingEnabled": false,
                "httpLoggingEnabled": false,
                "logsDirectorySizeLimit": 35,
                "detailedErrorLoggingEnabled": false,
                "publishingUsername": "$COVID19Forecasting",
                "scmType": "None",
                "use32BitWorkerProcess": true,
                "webSocketsEnabled": false,
                "alwaysOn": false,
                "managedPipelineMode": "Integrated",
                "virtualApplications": [
                    {
                        "virtualPath": "/",
                        "physicalPath": "site\\wwwroot",
                        "preloadEnabled": false
                    }
                ],
                "loadBalancing": "LeastRequests",
                "experiments": {
                    "rampUpRules": []
                },
                "autoHealEnabled": false,
                "cors": {
                    "allowedOrigins": [
                        "https://functions.azure.com",
                        "https://functions-staging.azure.com",
                        "https://functions-next.azure.com"
                    ],
                    "supportCredentials": false
                },
                "localMySqlEnabled": false,
                "ipSecurityRestrictions": [
                    {
                        "ipAddress": "Any",
                        "action": "Allow",
                        "priority": 1,
                        "name": "Allow all",
                        "description": "Allow all access"
                    }
                ],
                "scmIpSecurityRestrictions": [
                    {
                        "ipAddress": "Any",
                        "action": "Allow",
                        "priority": 1,
                        "name": "Allow all",
                        "description": "Allow all access"
                    }
                ],
                "scmIpSecurityRestrictionsUseMain": false,
                "http20Enabled": false,
                "minTlsVersion": "1.2",
                "ftpsState": "AllAllowed",
                "reservedInstanceCount": 0
            }
        },
        {
            "type": "Microsoft.Web/sites/functions",
            "apiVersion": "2018-11-01",
            "name": "[concat(parameters('sites_COVID19Forecasting_name'), '/calculatePoisson')]",
            "location": "East US 2",
            "dependsOn": [
                "[resourceId('Microsoft.Web/sites', parameters('sites_COVID19Forecasting_name'))]"
            ],
            "properties": {
                "script_root_path_href": "https://covid19forecasting.azurewebsites.net/admin/vfs/home/site/wwwroot/calculatePoisson/",
                "script_href": "https://covid19forecasting.azurewebsites.net/admin/vfs/home/site/wwwroot/calculatePoisson/__init__.py",
                "config_href": "https://covid19forecasting.azurewebsites.net/admin/vfs/home/site/wwwroot/calculatePoisson/function.json",
                "href": "https://covid19forecasting.azurewebsites.net/admin/functions/calculatePoisson",
                "config": {}
            }
        },
        {
            "type": "Microsoft.Web/sites/hostNameBindings",
            "apiVersion": "2018-11-01",
            "name": "[concat(parameters('sites_COVID19Forecasting_name'), '/', parameters('sites_COVID19Forecasting_name'), '.azurewebsites.net')]",
            "location": "East US 2",
            "dependsOn": [
                "[resourceId('Microsoft.Web/sites', parameters('sites_COVID19Forecasting_name'))]"
            ],
            "properties": {
                "siteName": "COVID19Forecasting",
                "hostNameType": "Verified"
            }
        },
        {
            "type": "Microsoft.Sql/servers/databases/advisors",
            "apiVersion": "2014-04-01",
            "name": "[concat(parameters('servers_covidsql19_name'), '/COVID19Forecasts/CreateIndex')]",
            "dependsOn": [
                "[resourceId('Microsoft.Sql/servers/databases', parameters('servers_covidsql19_name'), 'COVID19Forecasts')]",
                "[resourceId('Microsoft.Sql/servers', parameters('servers_covidsql19_name'))]"
            ],
            "properties": {
                "autoExecuteValue": "Disabled"
            }
        },
        {
            "type": "Microsoft.Sql/servers/databases/advisors",
            "apiVersion": "2014-04-01",
            "name": "[concat(parameters('servers_covidsql19_name'), '/COVID19Forecasts/DbParameterization')]",
            "dependsOn": [
                "[resourceId('Microsoft.Sql/servers/databases', parameters('servers_covidsql19_name'), 'COVID19Forecasts')]",
                "[resourceId('Microsoft.Sql/servers', parameters('servers_covidsql19_name'))]"
            ],
            "properties": {
                "autoExecuteValue": "Disabled"
            }
        },
        {
            "type": "Microsoft.Sql/servers/databases/advisors",
            "apiVersion": "2014-04-01",
            "name": "[concat(parameters('servers_covidsql19_name'), '/COVID19Forecasts/DefragmentIndex')]",
            "dependsOn": [
                "[resourceId('Microsoft.Sql/servers/databases', parameters('servers_covidsql19_name'), 'COVID19Forecasts')]",
                "[resourceId('Microsoft.Sql/servers', parameters('servers_covidsql19_name'))]"
            ],
            "properties": {
                "autoExecuteValue": "Disabled"
            }
        },
        {
            "type": "Microsoft.Sql/servers/databases/advisors",
            "apiVersion": "2014-04-01",
            "name": "[concat(parameters('servers_covidsql19_name'), '/COVID19Forecasts/DropIndex')]",
            "dependsOn": [
                "[resourceId('Microsoft.Sql/servers/databases', parameters('servers_covidsql19_name'), 'COVID19Forecasts')]",
                "[resourceId('Microsoft.Sql/servers', parameters('servers_covidsql19_name'))]"
            ],
            "properties": {
                "autoExecuteValue": "Disabled"
            }
        },
        {
            "type": "Microsoft.Sql/servers/databases/advisors",
            "apiVersion": "2014-04-01",
            "name": "[concat(parameters('servers_covidsql19_name'), '/COVID19Forecasts/ForceLastGoodPlan')]",
            "dependsOn": [
                "[resourceId('Microsoft.Sql/servers/databases', parameters('servers_covidsql19_name'), 'COVID19Forecasts')]",
                "[resourceId('Microsoft.Sql/servers', parameters('servers_covidsql19_name'))]"
            ],
            "properties": {
                "autoExecuteValue": "Enabled"
            }
        },
        {
            "type": "Microsoft.Sql/servers/databases/auditingPolicies",
            "apiVersion": "2014-04-01",
            "name": "[concat(parameters('servers_covidsql19_name'), '/COVID19Forecasts/Default')]",
            "location": "East US 2",
            "dependsOn": [
                "[resourceId('Microsoft.Sql/servers/databases', parameters('servers_covidsql19_name'), 'COVID19Forecasts')]",
                "[resourceId('Microsoft.Sql/servers', parameters('servers_covidsql19_name'))]"
            ],
            "properties": {
                "auditingState": "Disabled"
            }
        },
        {
            "type": "Microsoft.Sql/servers/databases/auditingSettings",
            "apiVersion": "2017-03-01-preview",
            "name": "[concat(parameters('servers_covidsql19_name'), '/COVID19Forecasts/Default')]",
            "dependsOn": [
                "[resourceId('Microsoft.Sql/servers/databases', parameters('servers_covidsql19_name'), 'COVID19Forecasts')]",
                "[resourceId('Microsoft.Sql/servers', parameters('servers_covidsql19_name'))]"
            ],
            "properties": {
                "state": "Disabled",
                "retentionDays": 0,
                "storageAccountSubscriptionId": "00000000-0000-0000-0000-000000000000",
                "isStorageSecondaryKeyInUse": false,
                "isAzureMonitorTargetEnabled": false
            }
        },
        {
            "type": "Microsoft.Sql/servers/databases/backupShortTermRetentionPolicies",
            "apiVersion": "2017-10-01-preview",
            "name": "[concat(parameters('servers_covidsql19_name'), '/COVID19Forecasts/default')]",
            "dependsOn": [
                "[resourceId('Microsoft.Sql/servers/databases', parameters('servers_covidsql19_name'), 'COVID19Forecasts')]",
                "[resourceId('Microsoft.Sql/servers', parameters('servers_covidsql19_name'))]"
            ],
            "properties": {
                "retentionDays": 7
            }
        },
        {
            "type": "Microsoft.Sql/servers/databases/extendedAuditingSettings",
            "apiVersion": "2017-03-01-preview",
            "name": "[concat(parameters('servers_covidsql19_name'), '/COVID19Forecasts/Default')]",
            "dependsOn": [
                "[resourceId('Microsoft.Sql/servers/databases', parameters('servers_covidsql19_name'), 'COVID19Forecasts')]",
                "[resourceId('Microsoft.Sql/servers', parameters('servers_covidsql19_name'))]"
            ],
            "properties": {
                "state": "Disabled",
                "retentionDays": 0,
                "storageAccountSubscriptionId": "00000000-0000-0000-0000-000000000000",
                "isStorageSecondaryKeyInUse": false,
                "isAzureMonitorTargetEnabled": false
            }
        },
        {
            "type": "Microsoft.Sql/servers/databases/geoBackupPolicies",
            "apiVersion": "2014-04-01",
            "name": "[concat(parameters('servers_covidsql19_name'), '/COVID19Forecasts/Default')]",
            "location": "East US 2",
            "dependsOn": [
                "[resourceId('Microsoft.Sql/servers/databases', parameters('servers_covidsql19_name'), 'COVID19Forecasts')]",
                "[resourceId('Microsoft.Sql/servers', parameters('servers_covidsql19_name'))]"
            ],
            "properties": {
                "state": "Enabled"
            }
        },
        {
            "type": "Microsoft.Sql/servers/databases/securityAlertPolicies",
            "apiVersion": "2018-06-01-preview",
            "name": "[concat(parameters('servers_covidsql19_name'), '/COVID19Forecasts/Default')]",
            "dependsOn": [
                "[resourceId('Microsoft.Sql/servers/databases', parameters('servers_covidsql19_name'), 'COVID19Forecasts')]",
                "[resourceId('Microsoft.Sql/servers', parameters('servers_covidsql19_name'))]"
            ],
            "properties": {
                "state": "Disabled",
                "disabledAlerts": [
                    ""
                ],
                "emailAddresses": [
                    ""
                ],
                "emailAccountAdmins": false,
                "retentionDays": 0
            }
        },
        {
            "type": "Microsoft.Sql/servers/databases/transparentDataEncryption",
            "apiVersion": "2014-04-01",
            "name": "[concat(parameters('servers_covidsql19_name'), '/COVID19Forecasts/current')]",
            "location": "East US 2",
            "dependsOn": [
                "[resourceId('Microsoft.Sql/servers/databases', parameters('servers_covidsql19_name'), 'COVID19Forecasts')]",
                "[resourceId('Microsoft.Sql/servers', parameters('servers_covidsql19_name'))]"
            ],
            "properties": {
                "status": "Enabled"
            }
        },
        {
            "type": "Microsoft.Sql/servers/databases/vulnerabilityAssessments",
            "apiVersion": "2017-03-01-preview",
            "name": "[concat(parameters('servers_covidsql19_name'), '/COVID19Forecasts/Default')]",
            "dependsOn": [
                "[resourceId('Microsoft.Sql/servers/databases', parameters('servers_covidsql19_name'), 'COVID19Forecasts')]",
                "[resourceId('Microsoft.Sql/servers', parameters('servers_covidsql19_name'))]"
            ],
            "properties": {
                "recurringScans": {
                    "isEnabled": false,
                    "emailSubscriptionAdmins": true,
                    "emails": []
                }
            }
        },
        {
            "type": "Microsoft.Sql/servers/vulnerabilityAssessments",
            "apiVersion": "2018-06-01-preview",
            "name": "[concat(parameters('servers_covidsql19_name'), '/Default')]",
            "dependsOn": [
                "[resourceId('Microsoft.Sql/servers', parameters('servers_covidsql19_name'))]",
                "[resourceId('Microsoft.Storage/StorageAccounts', parameters('storageAccounts_sqlvadid7d7nwshmb6_name'))]"
            ],
            "properties": {
                "storageContainerPath": "[concat('https://', parameters('storageAccounts_sqlvadid7d7nwshmb6_name'), '.blob.core.windows.net/vulnerability-assessment/')]",
                "recurringScans": {
                    "isEnabled": true,
                    "emailSubscriptionAdmins": true,
                    "emails": []
                }
            }
        },
        {
            "type": "Microsoft.Storage/storageAccounts/blobServices/containers",
            "apiVersion": "2019-06-01",
            "name": "[concat(parameters('storageAccounts_storageaccountcovid8276_name'), '/default/azure-webjobs-hosts')]",
            "dependsOn": [
                "[resourceId('Microsoft.Storage/storageAccounts/blobServices', parameters('storageAccounts_storageaccountcovid8276_name'), 'default')]",
                "[resourceId('Microsoft.Storage/storageAccounts', parameters('storageAccounts_storageaccountcovid8276_name'))]"
            ],
            "properties": {
                "publicAccess": "None"
            }
        },
        {
            "type": "Microsoft.Storage/storageAccounts/blobServices/containers",
            "apiVersion": "2019-06-01",
            "name": "[concat(parameters('storageAccounts_storageaccountcovid8276_name'), '/default/azure-webjobs-secrets')]",
            "dependsOn": [
                "[resourceId('Microsoft.Storage/storageAccounts/blobServices', parameters('storageAccounts_storageaccountcovid8276_name'), 'default')]",
                "[resourceId('Microsoft.Storage/storageAccounts', parameters('storageAccounts_storageaccountcovid8276_name'))]"
            ],
            "properties": {
                "publicAccess": "None"
            }
        },
        {
            "type": "Microsoft.Storage/storageAccounts/blobServices/containers",
            "apiVersion": "2019-06-01",
            "name": "[concat(parameters('storageAccounts_storageaccountcovid8276_name'), '/default/scm-releases')]",
            "dependsOn": [
                "[resourceId('Microsoft.Storage/storageAccounts/blobServices', parameters('storageAccounts_storageaccountcovid8276_name'), 'default')]",
                "[resourceId('Microsoft.Storage/storageAccounts', parameters('storageAccounts_storageaccountcovid8276_name'))]"
            ],
            "properties": {
                "publicAccess": "None"
            }
        },
        {
            "type": "Microsoft.Storage/storageAccounts/blobServices/containers",
            "apiVersion": "2019-06-01",
            "name": "[concat(parameters('storageAccounts_sqlvadid7d7nwshmb6_name'), '/default/vulnerability-assessment')]",
            "dependsOn": [
                "[resourceId('Microsoft.Storage/storageAccounts/blobServices', parameters('storageAccounts_sqlvadid7d7nwshmb6_name'), 'default')]",
                "[resourceId('Microsoft.Storage/storageAccounts', parameters('storageAccounts_sqlvadid7d7nwshmb6_name'))]"
            ],
            "properties": {
                "publicAccess": "None"
            }
        }
    ]
}